,Row,Sample Name,Transaction Id,Anon Student Id,Session Id,Time,Time Zone,Duration (sec),Student Response Type,Student Response Subtype,Tutor Response Type,Tutor Response Subtype,Level (Unit),Problem Name,Problem View,Problem Start Time,Step Name,Attempt At Step,Is Last Attempt,Outcome,Selection,Action,Input,Feedback Text,Feedback Classification,Help Level,Total Num Hints,KC (Geometry),KC Category (Geometry),KC (Textbook),KC Category (Textbook),KC (Single-KC),KC Category (Single-KC),KC (Unique-step),KC Category (Unique-step),KC (NewModel),KC Category (NewModel),KC (NNEWWW),KC Category (NNEWWW),KC (New),KC Category (New),KC (MyKC),KC Category (MyKC),KC (MJB-SQRECT-Merge),KC Category (MJB-SQRECT-Merge),KC (KRE_circle_area),KC Category (KRE_circle_area),KC (Textbook-test),KC Category (Textbook-test),KC (Khushboo),KC Category (Khushboo),KC (Zhulin_Textbook11_SquareRectMerge),KC Category (Zhulin_Textbook11_SquareRectMerge),KC (new KC model name),KC Category (new KC model name),School,Class,CF (Factor add-or-m),CF (Factor backward),CF (Factor base-formula-p),CF (Factor base-or-height),CF (Factor basic-shape),CF (Factor cir-quad),CF (Factor circle-formula),CF (Factor circle-given),CF (Factor circle-goal),CF (Factor embedd3-tri-reg_prob_fix),CF (Factor embeddedness),CF (Factor figure-part),CF (Factor figure-type),CF (Factor non-standard-orientation-or-shape),CF (Factor parallelogram),CF (Factor parallelogram-type),CF (Factor repeat),CF (Factor required),CF (Factor trapezoid-part),KC (Unique-step)_isoriginal,KC (new KC model name)_isoriginal
6058,6059,All Data,27306505958ee7d1e068b6659e2a1bf1,Stu_e1e22d49d6bb0a1fe71e19d8d60221ae,GEO-408d5ed7:10e14be5d31:-7d11,1/31/96 19:05,US/Eastern,8.716528793,ATTEMPT,,RESULT,,Area,TROGS,1,05:39.7,(SQUARE-AREA QUESTION1),1,1,CORRECT,(SQUARE-AREA QUESTION1),,,,,,,Geometry,,square-area,,Single-KC,,KC67,,square-rect-area,,square-area,,square-rect-area,,square-area,,sq_rect-area,,square-area,,rectangle-area,,area,,square-rect-area,,square-rect-area,,,,0,0,f,0,parallelogram,quad,0,0,0,0,alone,area,square,0,1,square,initial,required,0,Yes,Yes
6059,6060,All Data,a81d157059991fc728693eba9f70ba1a,Stu_e1e22d49d6bb0a1fe71e19d8d60221ae,GEO-408d5ed7:10e14be5d31:-7d11,1/31/96 19:05,US/Eastern,10.4943319,ATTEMPT,,RESULT,,Area,TROGS,1,05:39.7,(SQUARE-AREA QUESTION2),1,1,CORRECT,(SQUARE-AREA QUESTION2),,,,,,,Geometry,,square-area,,Single-KC,,KC45,,square-rect-area,,square-area,,square-rect-area,,square-area,,sq_rect-area,,square-area,,rectangle-area,,area,,square-rect-area,,square-rect-area,,,,0,0,f,0,parallelogram,quad,0,0,0,0,alone,area,square,0,1,square,initial,required,0,Yes,Yes
6060,6061,All Data,b2fe8421fc2e58f376a6101e01ffe788,Stu_e1e22d49d6bb0a1fe71e19d8d60221ae,GEO-408d5ed7:10e14be5d31:-7d11,1/31/96 19:05,US/Eastern,8.179380939,ATTEMPT,,RESULT,,Area,TROGS,1,05:39.7,(SQUARE-AREA QUESTION3),1,1,CORRECT,(SQUARE-AREA QUESTION3),,,,,,,Geometry,,square-area,,Single-KC,,KC43,,square-rect-area,,square-area,,square-rect-area,,square-area,,sq_rect-area,,square-area,,rectangle-area,,area,,square-rect-area,,square-rect-area,,,,0,0,f,0,parallelogram,quad,0,0,0,0,alone,area,square,0,1,square,initial,required,0,Yes,Yes
6061,6062,All Data,a2b8baa5e0e08d7c270c940d8842797f,Stu_e1e22d49d6bb0a1fe71e19d8d60221ae,GEO-408d5ed7:10e14be5d31:-7d11,1/31/96 19:06,US/Eastern,10.72872645,ATTEMPT,,RESULT,,Area,TROGS,1,05:39.7,(TROG-HEIGHT QUESTION1),1,1,CORRECT,(TROG-HEIGHT QUESTION1),,,,,,,Geometry,,equi-tri-height?,,Single-KC,,KC85,,equi-tri-height?,,equi-tri-height?,,equi-tri-height?,,equi-tri-height?,,equi-tri-height?,,equi-tri-height?,,equi-tri-height?,,equi-tri-height?,,equi-tri-height?,,equi-tri-height?,,,,0,0,f,0,triangle,quad,0,0,0,0,alone,segment,segment,0,0,0,initial,required,0,Yes,Yes
6063,6064,All Data,eb02773ed6a215394d50af97f622c972,Stu_e1e22d49d6bb0a1fe71e19d8d60221ae,GEO-408d5ed7:10e14be5d31:-7d11,1/31/96 19:06,US/Eastern,8.523564446,ATTEMPT,,RESULT,,Area,TROGS,1,05:39.7,(TROG-HEIGHT QUESTION2),1,1,CORRECT,(TROG-HEIGHT QUESTION2),,,,,,,Geometry,,equi-tri-height?,,Single-KC,,KC100,,equi-tri-height?,,equi-tri-height?,,equi-tri-height?,,equi-tri-height?,,equi-tri-height?,,equi-tri-height?,,equi-tri-height?,,equi-tri-height?,,equi-tri-height?,,equi-tri-height?,,,,0,0,f,0,triangle,quad,0,0,0,0,alone,segment,segment,0,0,0,initial,required,0,Yes,Yes
6064,6065,All Data,3b19f7c5f69d288ce73ffad29943338f,Stu_e1e22d49d6bb0a1fe71e19d8d60221ae,GEO-408d5ed7:10e14be5d31:-7d11,1/31/96 19:06,US/Eastern,8.769753682,ATTEMPT,,RESULT,,Area,TROGS,1,05:39.7,(TROG-HEIGHT QUESTION3),1,1,CORRECT,(TROG-HEIGHT QUESTION3),,,,,,,Geometry,,equi-tri-height?,,Single-KC,,KC19,,equi-tri-height?,,equi-tri-height?,,equi-tri-height?,,equi-tri-height?,,equi-tri-height?,,equi-tri-height?,,equi-tri-height?,,equi-tri-height?,,equi-tri-height?,,equi-tri-height?,,,,0,0,f,0,triangle,quad,0,0,0,0,alone,segment,segment,0,0,0,initial,required,0,Yes,Yes
6065,6066,All Data,7c43e7a4506a8aee3387327a62e2536d,Stu_e1e22d49d6bb0a1fe71e19d8d60221ae,GEO-408d5ed7:10e14be5d31:-7d11,1/31/96 19:06,US/Eastern,10.24943799,ATTEMPT,,RESULT,,Area,TROGS,1,05:39.7,(TROG-AREA QUESTION1),1,1,CORRECT,(TROG-AREA QUESTION1),,,,,,,Geometry,,triangle-area,,Single-KC,,KC78,,triangle-area,,triangle-area,,triangle-area,,triangle-area,,triangle-area,,triangle-area,,triangle-area,,area,,triangle-area,,triangle-area,,,,0,0,f,0,triangle,quad,0,0,0,0,embedded,area,triangle,0,0,0,repeat,required,0,Yes,Yes
6066,6067,All Data,3d657e841b2c8dd1e339419b6481681f,Stu_e1e22d49d6bb0a1fe71e19d8d60221ae,GEO-408d5ed7:10e14be5d31:-7d11,1/31/96 19:06,US/Eastern,9.541633862,ATTEMPT,,RESULT,,Area,TROGS,1,05:39.7,(TROG-AREA QUESTION2),1,1,CORRECT,(TROG-AREA QUESTION2),,,,,,,Geometry,,triangle-area,,Single-KC,,KC5,,triangle-area,,triangle-area,,triangle-area,,triangle-area,,triangle-area,,triangle-area,,triangle-area,,area,,triangle-area,,triangle-area,,,,0,0,f,0,triangle,quad,0,0,0,0,embedded,area,triangle,0,0,0,repeat,required,0,Yes,Yes
6067,6068,All Data,4e0327fb836a0b80fb6a0b2e8193a46a,Stu_e1e22d49d6bb0a1fe71e19d8d60221ae,GEO-408d5ed7:10e14be5d31:-7d11,1/31/96 19:06,US/Eastern,10.80675651,ATTEMPT,,RESULT,,Area,TROGS,1,05:39.7,(TROG-AREA QUESTION3),1,0,INCORRECT,(TROG-AREA QUESTION3),,,,,,,Geometry,,triangle-area,,Single-KC,,KC46,,triangle-area,,triangle-area,,triangle-area,,triangle-area,,triangle-area,,triangle-area,,triangle-area,,area,,triangle-area,,triangle-area,,,,0,0,f,0,triangle,quad,0,0,0,0,embedded,area,triangle,0,0,0,initial,required,0,Yes,Yes
6067,6068,All Data,4e0327fb836a0b80fb6a0b2e8193a46a,Stu_e1e22d49d6bb0a1fe71e19d8d60221ae,GEO-408d5ed7:10e14be5d31:-7d11,1/31/96 19:07,US/Eastern,7.864308388,ATTEMPT,,RESULT,,Area,TROGS,1,05:39.7,(TROG-AREA QUESTION3),2,1,CORRECT,(TROG-AREA QUESTION3),,,,,,,Geometry,,triangle-area,,Single-KC,,KC46,,triangle-area,,triangle-area,,triangle-area,,triangle-area,,triangle-area,,triangle-area,,triangle-area,,area,,triangle-area,,triangle-area,,,,0,0,f,0,triangle,quad,0,0,0,0,embedded,area,triangle,0,0,0,initial,required,0,Yes,Yes
6069,6070,All Data,5cc984a6f7fa29c372621578c3637b64,Stu_e1e22d49d6bb0a1fe71e19d8d60221ae,GEO-408d5ed7:10e14be5d31:-7d11,1/31/96 19:07,US/Eastern,11.00193653,ATTEMPT,,RESULT,,Area,TROGS,1,05:39.7,(SCRAP-METAL-AREA QUESTION1),1,0,INCORRECT,(SCRAP-METAL-AREA QUESTION1),,,,,,,Geometry,,compose-by-addition,,Single-KC,,KC104,,compose-by-addition,,compose-by-addition,,compose-by-addition,,compose-by-addition,,compose-by-addition,,compose-by-addition,,compose-by-addition,,compose-by-addition,,compose-by-addition,,compose-by-addition,,,,a,1,no-f,0,0,0,0,0,0,0,embedded,area-difference,0,0,0,0,repeat,required,0,Yes,Yes
6069,6070,All Data,5cc984a6f7fa29c372621578c3637b64,Stu_e1e22d49d6bb0a1fe71e19d8d60221ae,GEO-408d5ed7:10e14be5d31:-7d11,1/31/96 19:07,US/Eastern,9.711460824,ATTEMPT,,RESULT,,Area,TROGS,1,05:39.7,(SCRAP-METAL-AREA QUESTION1),2,1,CORRECT,(SCRAP-METAL-AREA QUESTION1),,,,,,,Geometry,,compose-by-addition,,Single-KC,,KC104,,compose-by-addition,,compose-by-addition,,compose-by-addition,,compose-by-addition,,compose-by-addition,,compose-by-addition,,compose-by-addition,,compose-by-addition,,compose-by-addition,,compose-by-addition,,,,a,1,no-f,0,0,0,0,0,0,0,embedded,area-difference,0,0,0,0,repeat,required,0,Yes,Yes
6071,6072,All Data,e7c643ed7ee77057c12b82094cd61aeb,Stu_e1e22d49d6bb0a1fe71e19d8d60221ae,GEO-408d5ed7:10e14be5d31:-7d11,1/31/96 19:07,US/Eastern,10.69054497,ATTEMPT,,RESULT,,Area,TROGS,1,05:39.7,(SCRAP-METAL-AREA QUESTION2),1,1,CORRECT,(SCRAP-METAL-AREA QUESTION2),,,,,,,Geometry,,compose-by-addition,,Single-KC,,KC84,,compose-by-addition,,compose-by-addition,,compose-by-addition,,compose-by-addition,,compose-by-addition,,compose-by-addition,,compose-by-addition,,compose-by-addition,,compose-by-addition,,compose-by-addition,,,,a,1,no-f,0,0,0,0,0,0,0,embedded,area-difference,0,0,0,0,repeat,required,0,Yes,Yes
6072,6073,All Data,7c250c6f9dcc0fe0409c8a4aaf7c2b98,Stu_e1e22d49d6bb0a1fe71e19d8d60221ae,GEO-408d5ed7:10e14be5d31:-7d11,1/31/96 19:07,US/Eastern,8.839995972,ATTEMPT,,RESULT,,Area,TROGS,1,05:39.7,(SCRAP-METAL-AREA QUESTION3),1,1,CORRECT,(SCRAP-METAL-AREA QUESTION3),,,,,,,Geometry,,compose-by-addition,,Single-KC,,KC7,,compose-by-addition,,compose-by-addition,,compose-by-addition,,compose-by-addition,,compose-by-addition,,compose-by-addition,,compose-by-addition,,compose-by-addition,,compose-by-addition,,compose-by-addition,,,,a,1,no-f,0,0,0,0,0,0,0,embedded,area-difference,0,0,0,0,initial,required,0,Yes,Yes
823,824,All Data,2364feef7e26c0d3ac74bf185436648d,Stu_22b2fcd580ae27d8b9a7a067d10825d0,GEO-408d5ed7:10e14be5d3a:-7657,1/31/96 19:00,US/Eastern,14.46232249,ATTEMPT,,RESULT,,Area,PAINTING_THE_WALL,1,00:38.3,(WALL-AREA QUESTION1),1,0,INCORRECT,(WALL-AREA QUESTION1),,,,,,,Geometry,,rectangle-area,,Single-KC,,KC28,,square-rect-area,,rectangle-area,,square-rect-area,,rectangle-area,,sq_rect-area,,rectangle-area,,rectangle-area,,area,,square-rect-area,,,,,,0,0,f,0,parallelogram,quad,0,0,0,0,alone,area,rectangle,0,1,rectangle,initial,additional,0,No,
823,824,All Data,2364feef7e26c0d3ac74bf185436648d,Stu_22b2fcd580ae27d8b9a7a067d10825d0,GEO-408d5ed7:10e14be5d3a:-7657,1/31/96 19:00,US/Eastern,16.0263798,ATTEMPT,,RESULT,,Area,PAINTING_THE_WALL,1,00:38.3,(WALL-AREA QUESTION1),2,1,CORRECT,(WALL-AREA QUESTION1),,,,,,,Geometry,,rectangle-area,,Single-KC,,KC28,,square-rect-area,,rectangle-area,,square-rect-area,,rectangle-area,,sq_rect-area,,rectangle-area,,rectangle-area,,area,,square-rect-area,,,,,,0,0,f,0,parallelogram,quad,0,0,0,0,alone,area,rectangle,0,1,rectangle,initial,additional,0,No,
825,826,All Data,b6b2655ac5066725188ad6c83c15ffce,Stu_22b2fcd580ae27d8b9a7a067d10825d0,GEO-408d5ed7:10e14be5d3a:-7657,1/31/96 19:01,US/Eastern,17.25358524,ATTEMPT,,RESULT,,Area,PAINTING_THE_WALL,1,00:38.3,(PAINTED-AREA QUESTION1),1,0,INCORRECT,(PAINTED-AREA QUESTION1),,,,,,,Geometry,,compose-by-addition,,Single-KC,,KC126,,compose-by-addition,,compose-by-addition,,compose-by-addition,,compose-by-addition,,compose-by-addition,,compose-by-addition,,compose-by-addition,,compose-by-addition,,compose-by-addition,,trapezoid-area,,,,a,1,no-f,0,0,0,0,0,0,0,embedded,area-difference,0,0,0,0,repeat,additional,0,No,
825,826,All Data,b6b2655ac5066725188ad6c83c15ffce,Stu_22b2fcd580ae27d8b9a7a067d10825d0,GEO-408d5ed7:10e14be5d3a:-7657,1/31/96 19:01,US/Eastern,14.72578756,ATTEMPT,,RESULT,,Area,PAINTING_THE_WALL,1,00:38.3,(PAINTED-AREA QUESTION1),2,0,INCORRECT,(PAINTED-AREA QUESTION1),,,,,,,Geometry,,compose-by-addition,,Single-KC,,KC126,,compose-by-addition,,compose-by-addition,,compose-by-addition,,compose-by-addition,,compose-by-addition,,compose-by-addition,,compose-by-addition,,compose-by-addition,,compose-by-addition,,trapezoid-area,,,,a,1,no-f,0,0,0,0,0,0,0,embedded,area-difference,0,0,0,0,repeat,additional,0,No,
825,826,All Data,b6b2655ac5066725188ad6c83c15ffce,Stu_22b2fcd580ae27d8b9a7a067d10825d0,GEO-408d5ed7:10e14be5d3a:-7657,1/31/96 19:01,US/Eastern,17.962532,ATTEMPT,,RESULT,,Area,PAINTING_THE_WALL,1,00:38.3,(PAINTED-AREA QUESTION1),3,0,INCORRECT,(PAINTED-AREA QUESTION1),,,,,,,Geometry,,compose-by-addition,,Single-KC,,KC126,,compose-by-addition,,compose-by-addition,,compose-by-addition,,compose-by-addition,,compose-by-addition,,compose-by-addition,,compose-by-addition,,compose-by-addition,,compose-by-addition,,trapezoid-area,,,,a,1,no-f,0,0,0,0,0,0,0,embedded,area-difference,0,0,0,0,repeat,additional,0,No,
825,826,All Data,b6b2655ac5066725188ad6c83c15ffce,Stu_22b2fcd580ae27d8b9a7a067d10825d0,GEO-408d5ed7:10e14be5d3a:-7657,1/31/96 19:01,US/Eastern,17.70889678,ATTEMPT,,RESULT,,Area,PAINTING_THE_WALL,1,00:38.3,(PAINTED-AREA QUESTION1),4,1,CORRECT,(PAINTED-AREA QUESTION1),,,,,,,Geometry,,compose-by-addition,,Single-KC,,KC126,,compose-by-addition,,compose-by-addition,,compose-by-addition,,compose-by-addition,,compose-by-addition,,compose-by-addition,,compose-by-addition,,compose-by-addition,,compose-by-addition,,trapezoid-area,,,,a,1,no-f,0,0,0,0,0,0,0,embedded,area-difference,0,0,0,0,repeat,additional,0,No,
827,828,All Data,7427cd794d5e898f59f893b39a8e6e2d,Stu_22b2fcd580ae27d8b9a7a067d10825d0,GEO-408d5ed7:10e14be5d3a:-7657,1/31/96 19:02,US/Eastern,14.04266613,ATTEMPT,,RESULT,,Area,PAINTING_THE_WALL,1,00:38.3,(DOOR-AREA QUESTION2),1,1,CORRECT,(DOOR-AREA QUESTION2),,,,,,,Geometry,,rectangle-area,,Single-KC,,KC114,,square-rect-area,,rectangle-area,,square-rect-area,,rectangle-area,,sq_rect-area,,rectangle-area,,rectangle-area,,area,,square-rect-area,,trapezoid-area,,,,0,0,f,0,parallelogram,quad,0,0,0,0,embedded,area,rectangle,0,1,rectangle,repeat,additional,0,No,
828,829,All Data,96eede72822a018e059bc9a51fd7ffef,Stu_22b2fcd580ae27d8b9a7a067d10825d0,GEO-408d5ed7:10e14be5d3a:-7657,1/31/96 19:02,US/Eastern,16.20482694,ATTEMPT,,RESULT,,Area,PAINTING_THE_WALL,1,00:38.3,(WALL-AREA QUESTION2),1,0,INCORRECT,(WALL-AREA QUESTION2),,,,,,,Geometry,,rectangle-area,,Single-KC,,KC108,,square-rect-area,,rectangle-area,,square-rect-area,,rectangle-area,,sq_rect-area,,rectangle-area,,rectangle-area,,area,,square-rect-area,,trapezoid-area,,,,0,0,f,0,parallelogram,quad,0,0,0,0,embedded,area,rectangle,0,1,rectangle,repeat,additional,0,No,
828,829,All Data,96eede72822a018e059bc9a51fd7ffef,Stu_22b2fcd580ae27d8b9a7a067d10825d0,GEO-408d5ed7:10e14be5d3a:-7657,1/31/96 19:02,US/Eastern,14.66912256,ATTEMPT,,RESULT,,Area,PAINTING_THE_WALL,1,00:38.3,(WALL-AREA QUESTION2),2,0,INCORRECT,(WALL-AREA QUESTION2),,,,,,,Geometry,,rectangle-area,,Single-KC,,KC108,,square-rect-area,,rectangle-area,,square-rect-area,,rectangle-area,,sq_rect-area,,rectangle-area,,rectangle-area,,area,,square-rect-area,,trapezoid-area,,,,0,0,f,0,parallelogram,quad,0,0,0,0,embedded,area,rectangle,0,1,rectangle,repeat,additional,0,No,
828,829,All Data,96eede72822a018e059bc9a51fd7ffef,Stu_22b2fcd580ae27d8b9a7a067d10825d0,GEO-408d5ed7:10e14be5d3a:-7657,1/31/96 19:03,US/Eastern,15.57787403,ATTEMPT,,RESULT,,Area,PAINTING_THE_WALL,1,00:38.3,(WALL-AREA QUESTION2),3,1,CORRECT,(WALL-AREA QUESTION2),,,,,,,Geometry,,rectangle-area,,Single-KC,,KC108,,square-rect-area,,rectangle-area,,square-rect-area,,rectangle-area,,sq_rect-area,,rectangle-area,,rectangle-area,,area,,square-rect-area,,trapezoid-area,,,,0,0,f,0,parallelogram,quad,0,0,0,0,embedded,area,rectangle,0,1,rectangle,repeat,additional,0,No,
829,830,All Data,b8c45957af582279764de7d5a6241496,Stu_22b2fcd580ae27d8b9a7a067d10825d0,GEO-408d5ed7:10e14be5d3a:-7657,1/31/96 19:03,US/Eastern,17.03169807,ATTEMPT,,RESULT,,Area,PAINTING_THE_WALL,1,00:38.3,(WALL-AREA QUESTION3),1,1,CORRECT,(WALL-AREA QUESTION3),,,,,,,Geometry,,rectangle-area,,Single-KC,,KC41,,square-rect-area,,rectangle-area,,square-rect-area,,rectangle-area,,sq_rect-area,,rectangle-area,,rectangle-area,,area,,square-rect-area,,trapezoid-area,,,,0,0,f,0,parallelogram,quad,0,0,0,0,embedded,area,rectangle,0,1,rectangle,repeat,additional,0,No,
830,831,All Data,9643f5b5eef246bd5cf7c7a788521d04,Stu_22b2fcd580ae27d8b9a7a067d10825d0,GEO-408d5ed7:10e14be5d3a:-7657,1/31/96 19:03,US/Eastern,15.07758804,ATTEMPT,,RESULT,,Area,PAINTING_THE_WALL,1,00:38.3,(PAINTED-AREA QUESTION2),1,1,CORRECT,(PAINTED-AREA QUESTION2),,,,,,,Geometry,,compose-by-addition,,Single-KC,,KC76,,compose-by-addition,,compose-by-addition,,compose-by-addition,,compose-by-addition,,compose-by-addition,,compose-by-addition,,compose-by-addition,,compose-by-addition,,compose-by-addition,,,,,,a,1,no-f,0,0,0,0,0,0,0,embedded,area-difference,0,0,0,0,repeat,additional,0,No,
831,832,All Data,62bee0c1738f9516bacf2f04efb910e1,Stu_22b2fcd580ae27d8b9a7a067d10825d0,GEO-408d5ed7:10e14be5d3a:-7657,1/31/96 19:03,US/Eastern,16.32888528,ATTEMPT,,RESULT,,Area,PAINTING_THE_WALL,1,00:38.3,(DOOR-AREA QUESTION3),1,1,CORRECT,(DOOR-AREA QUESTION3),,,,,,,Geometry,,rectangle-area,,Single-KC,,KC64,,square-rect-area,,rectangle-area,,square-rect-area,,rectangle-area,,sq_rect-area,,rectangle-area,,rectangle-area,,area,,square-rect-area,,trapezoid-area,,,,0,0,f,0,parallelogram,quad,0,0,0,0,embedded,area,rectangle,0,1,rectangle,repeat,additional,0,No,
833,834,All Data,2364637ee55b80a44f0cce0408850321,Stu_22b2fcd580ae27d8b9a7a067d10825d0,GEO-408d5ed7:10e14be5d3a:-7657,1/31/96 19:04,US/Eastern,15.15115924,ATTEMPT,,RESULT,,Area,PAINTING_THE_WALL,1,00:38.3,(PAINTED-AREA QUESTION3),1,1,CORRECT,(PAINTED-AREA QUESTION3),,,,,,,Geometry,,compose-by-addition,,Single-KC,,KC91,,compose-by-addition,,compose-by-addition,,compose-by-addition,,compose-by-addition,,compose-by-addition,,compose-by-addition,,compose-by-addition,,compose-by-addition,,compose-by-addition,,trapezoid-area,,,,a,1,no-f,0,0,0,0,0,0,0,embedded,area-difference,0,0,0,0,initial,additional,0,No,
6637,6638,All Data,1c5646a3c363069b9a98a841ec5ed3a9,Stu_f11773c1237a0acdf4170202bf5b5c32,GEO-408d5ed7:10e14be5d3a:-70c9,1/31/96 19:21,US/Eastern,9.761883405,ATTEMPT,,RESULT,,Area,DESIGNING_A_QUILT,1,21:10.7,(AREA QUESTION1),1,1,CORRECT,(AREA QUESTION1),,,,,,,Geometry,,triangle-area,,Single-KC,,KC68,,triangle-area,,triangle-area,,triangle-area,,triangle-area,,triangle-area,,triangle-area,,triangle-area,,area,,triangle-area,,triangle-area,,,,0,0,f,0,triangle,quad,0,0,0,0,alone,area,triangle,0,0,0,initial,required,0,Yes,
6639,6640,All Data,d324b5671326a8f9cac02d142a7e9322,Stu_f11773c1237a0acdf4170202bf5b5c32,GEO-408d5ed7:10e14be5d3a:-70c9,1/31/96 19:21,US/Eastern,10.11824312,ATTEMPT,,RESULT,,Area,DESIGNING_A_QUILT,1,21:10.7,(WHITE-AREA QUESTION1),1,1,CORRECT,(WHITE-AREA QUESTION1),,,,,,,Geometry,,compose-by-multiplication,,Single-KC,,KC66,,compose-by-multiplication,,compose-by-multiplication,,compose-by-multiplication,,compose-by-multiplication,,compose-by-multiplication,,compose-by-multiplication,,compose-by-multiplication,,compose-by-multiplication,,compose-by-multiplication,,compose-by-multiplication,,,,m,0,no-f,0,0,0,0,0,0,0,alone,area-combination,0,0,0,0,initial,required,0,Yes,
6641,6642,All Data,084382627d107ebfb0307ad89ffa245f,Stu_f11773c1237a0acdf4170202bf5b5c32,GEO-408d5ed7:10e14be5d3a:-70c9,1/31/96 19:21,US/Eastern,9.728510183,ATTEMPT,,RESULT,,Area,DESIGNING_A_QUILT,1,21:10.7,(GREEN-AREA QUESTION1),1,1,CORRECT,(GREEN-AREA QUESTION1),,,,,,,Geometry,,compose-by-multiplication,,Single-KC,,KC122,,compose-by-multiplication,,compose-by-multiplication,,compose-by-multiplication,,compose-by-multiplication,,compose-by-multiplication,,compose-by-multiplication,,compose-by-multiplication,,compose-by-multiplication,,compose-by-multiplication,,compose-by-multiplication,,,,m,0,no-f,0,0,0,0,0,0,0,embedded,area-combination,0,0,0,0,initial,required,0,Yes,
6642,6643,All Data,304ef10927d4193e448812842e20f8aa,Stu_f11773c1237a0acdf4170202bf5b5c32,GEO-408d5ed7:10e14be5d3a:-70c9,1/31/96 19:21,US/Eastern,14.10793512,ATTEMPT,,RESULT,,Area,DESIGNING_A_QUILT,1,21:10.7,(PURPLE-AREA QUESTION1),1,1,CORRECT,(PURPLE-AREA QUESTION1),,,,,,,Geometry,,compose-by-multiplication,,Single-KC,,KC88,,compose-by-multiplication,,compose-by-multiplication,,compose-by-multiplication,,compose-by-multiplication,,compose-by-multiplication,,compose-by-multiplication,,compose-by-multiplication,,compose-by-multiplication,,compose-by-multiplication,,compose-by-multiplication,,,,m,0,no-f,0,0,0,0,0,0,0,embedded,area-combination,0,0,0,0,initial,required,0,Yes,
6643,6644,All Data,acb5c9ec3baf830b76e32afa4fa1ff21,Stu_f11773c1237a0acdf4170202bf5b5c32,GEO-408d5ed7:10e14be5d3a:-70c9,1/31/96 19:21,US/Eastern,12.72806029,ATTEMPT,,RESULT,,Area,DESIGNING_A_QUILT,1,21:10.7,(AREA QUESTION2),1,1,CORRECT,(AREA QUESTION2),,,,,,,Geometry,,triangle-area,,Single-KC,,KC40,,triangle-area,,triangle-area,,triangle-area,,triangle-area,,triangle-area,,triangle-area,,triangle-area,,area,,triangle-area,,triangle-area,,,,0,0,f,0,triangle,quad,0,0,0,0,embedded,area,triangle,0,0,0,initial,required,0,Yes,
6644,6645,All Data,9d845e03031550e1bded67c4f8975b40,Stu_f11773c1237a0acdf4170202bf5b5c32,GEO-408d5ed7:10e14be5d3a:-70c9,1/31/96 19:22,US/Eastern,11.38106867,ATTEMPT,,RESULT,,Area,DESIGNING_A_QUILT,1,21:10.7,(WHITE-AREA QUESTION2),1,1,CORRECT,(WHITE-AREA QUESTION2),,,,,,,Geometry,,compose-by-multiplication,,Single-KC,,KC105,,compose-by-multiplication,,compose-by-multiplication,,compose-by-multiplication,,compose-by-multiplication,,compose-by-multiplication,,compose-by-multiplication,,compose-by-multiplication,,compose-by-multiplication,,compose-by-multiplication,,compose-by-multiplication,,,,m,0,no-f,0,0,0,0,0,0,0,alone,area-combination,0,0,0,0,initial,required,0,Yes,
6645,6646,All Data,e40d5dfccc6a46f9312627f422c0be6c,Stu_f11773c1237a0acdf4170202bf5b5c32,GEO-408d5ed7:10e14be5d3a:-70c9,1/31/96 19:22,US/Eastern,12.07632728,ATTEMPT,,RESULT,,Area,DESIGNING_A_QUILT,1,21:10.7,(GREEN-AREA QUESTION2),1,1,CORRECT,(GREEN-AREA QUESTION2),,,,,,,Geometry,,compose-by-multiplication,,Single-KC,,KC56,,compose-by-multiplication,,compose-by-multiplication,,compose-by-multiplication,,compose-by-multiplication,,compose-by-multiplication,,compose-by-multiplication,,compose-by-multiplication,,compose-by-multiplication,,compose-by-multiplication,,compose-by-multiplication,,,,m,0,no-f,0,0,0,0,0,0,0,alone,area-combination,0,0,0,0,initial,required,0,Yes,
6646,6647,All Data,c6d8e87367d85f54fb4b5df3ec439344,Stu_f11773c1237a0acdf4170202bf5b5c32,GEO-408d5ed7:10e14be5d3a:-70c9,1/31/96 19:22,US/Eastern,10.91668892,ATTEMPT,,RESULT,,Area,DESIGNING_A_QUILT,1,21:10.7,(PURPLE-AREA QUESTION2),1,1,CORRECT,(PURPLE-AREA QUESTION2),,,,,,,Geometry,,compose-by-multiplication,,Single-KC,,KC6,,compose-by-multiplication,,compose-by-multiplication,,compose-by-multiplication,,compose-by-multiplication,,compose-by-multiplication,,compose-by-multiplication,,compose-by-multiplication,,compose-by-multiplication,,compose-by-multiplication,,compose-by-multiplication,,,,m,0,no-f,0,0,0,0,0,0,0,alone,area-combination,0,0,0,0,initial,required,0,Yes,
6647,6648,All Data,98336855d1f0aad4f6e68d3d8ae45fb6,Stu_f11773c1237a0acdf4170202bf5b5c32,GEO-408d5ed7:10e14be5d3a:-70c9,1/31/96 19:22,US/Eastern,12.5159595,ATTEMPT,,RESULT,,Area,DESIGNING_A_QUILT,1,21:10.7,(AREA QUESTION3),1,1,CORRECT,(AREA QUESTION3),,,,,,,Geometry,,triangle-area,,Single-KC,,KC115,,triangle-area,,triangle-area,,triangle-area,,triangle-area,,triangle-area,,triangle-area,,triangle-area,,area,,triangle-area,,triangle-area,,,,0,0,f,0,triangle,quad,0,0,0,0,alone,area,triangle,0,0,0,initial,required,0,Yes,
6648,6649,All Data,ef837918a17248703a99ada790c65f16,Stu_f11773c1237a0acdf4170202bf5b5c32,GEO-408d5ed7:10e14be5d3a:-70c9,1/31/96 19:22,US/Eastern,11.71326558,ATTEMPT,,RESULT,,Area,DESIGNING_A_QUILT,1,21:10.7,(WHITE-AREA QUESTION3),1,1,CORRECT,(WHITE-AREA QUESTION3),,,,,,,Geometry,,compose-by-multiplication,,Single-KC,,KC109,,compose-by-multiplication,,compose-by-multiplication,,compose-by-multiplication,,compose-by-multiplication,,compose-by-multiplication,,compose-by-multiplication,,compose-by-multiplication,,compose-by-multiplication,,compose-by-multiplication,,compose-by-multiplication,,,,m,0,no-f,0,0,0,0,0,0,0,alone,area-combination,0,0,0,0,initial,required,0,Yes,
6649,6650,All Data,bb5800bd08206503bf1db9b0aadb0737,Stu_f11773c1237a0acdf4170202bf5b5c32,GEO-408d5ed7:10e14be5d3a:-70c9,1/31/96 19:23,US/Eastern,10.26346055,ATTEMPT,,RESULT,,Area,DESIGNING_A_QUILT,1,21:10.7,(GREEN-AREA QUESTION3),1,1,CORRECT,(GREEN-AREA QUESTION3),,,,,,,Geometry,,compose-by-multiplication,,Single-KC,,KC121,,compose-by-multiplication,,compose-by-multiplication,,compose-by-multiplication,,compose-by-multiplication,,compose-by-multiplication,,compose-by-multiplication,,compose-by-multiplication,,compose-by-multiplication,,compose-by-multiplication,,compose-by-multiplication,,,,m,0,no-f,0,0,0,0,0,0,0,alone,area-combination,0,0,0,0,repeat,required,0,Yes,
6650,6651,All Data,dde955236e6720076ed1ea460deea2db,Stu_f11773c1237a0acdf4170202bf5b5c32,GEO-408d5ed7:10e14be5d3a:-70c9,1/31/96 19:23,US/Eastern,14.09598161,ATTEMPT,,RESULT,,Area,DESIGNING_A_QUILT,1,21:10.7,(PURPLE-AREA QUESTION3),1,1,CORRECT,(PURPLE-AREA QUESTION3),,,,,,,Geometry,,compose-by-multiplication,,Single-KC,,KC99,,compose-by-multiplication,,compose-by-multiplication,,compose-by-multiplication,,compose-by-multiplication,,compose-by-multiplication,,compose-by-multiplication,,compose-by-multiplication,,compose-by-multiplication,,compose-by-multiplication,,compose-by-multiplication,,,,m,0,no-f,0,0,0,0,0,0,0,alone,area-combination,0,0,0,0,repeat,required,0,Yes,
6656,6657,All Data,29b53a9db2cadf44cf7d13004ee509c3,Stu_f11773c1237a0acdf4170202bf5b5c32,GEO-408d5ed7:10e14be5d3a:-70c9,1/31/96 19:23,US/Eastern,10.36076911,ATTEMPT,,RESULT,,Area,DESIGNING_A_QUILT,2,21:10.7,(AREA QUESTION1),1,1,CORRECT,(AREA QUESTION1),,,,,,,Geometry,,triangle-area,,Single-KC,,KC68,,triangle-area,,triangle-area,,triangle-area,,triangle-area,,triangle-area,,triangle-area,,triangle-area,,area,,triangle-area,,triangle-area,,,,0,0,f,0,triangle,quad,0,0,0,0,alone,area,triangle,0,0,0,repeat,additional,0,Yes,
6657,6658,All Data,3a656fa7b26c7ce8cc2a9b40d69a5c56,Stu_f11773c1237a0acdf4170202bf5b5c32,GEO-408d5ed7:10e14be5d3a:-70c9,1/31/96 19:23,US/Eastern,14.08579935,ATTEMPT,,RESULT,,Area,DESIGNING_A_QUILT,2,21:10.7,(WHITE-AREA QUESTION1),1,1,CORRECT,(WHITE-AREA QUESTION1),,,,,,,Geometry,,compose-by-multiplication,,Single-KC,,KC66,,compose-by-multiplication,,compose-by-multiplication,,compose-by-multiplication,,compose-by-multiplication,,compose-by-multiplication,,compose-by-multiplication,,compose-by-multiplication,,compose-by-multiplication,,compose-by-multiplication,,compose-by-multiplication,,,,m,0,no-f,0,0,0,0,0,0,0,alone,area-combination,0,0,0,0,repeat,additional,0,Yes,
6658,6659,All Data,1b83d61fcc9c714f97c105b785defa9c,Stu_f11773c1237a0acdf4170202bf5b5c32,GEO-408d5ed7:10e14be5d3a:-70c9,1/31/96 19:23,US/Eastern,9.669033696,ATTEMPT,,RESULT,,Area,DESIGNING_A_QUILT,2,21:10.7,(GREEN-AREA QUESTION1),1,1,CORRECT,(GREEN-AREA QUESTION1),,,,,,,Geometry,,compose-by-multiplication,,Single-KC,,KC122,,compose-by-multiplication,,compose-by-multiplication,,compose-by-multiplication,,compose-by-multiplication,,compose-by-multiplication,,compose-by-multiplication,,compose-by-multiplication,,compose-by-multiplication,,compose-by-multiplication,,compose-by-multiplication,,,,m,0,no-f,0,0,0,0,0,0,0,alone,area-combination,0,0,0,0,repeat,additional,0,Yes,
6659,6660,All Data,29d4c8bd67684760ba17a599874857e3,Stu_f11773c1237a0acdf4170202bf5b5c32,GEO-408d5ed7:10e14be5d3a:-70c9,1/31/96 19:24,US/Eastern,12.53354838,ATTEMPT,,RESULT,,Area,DESIGNING_A_QUILT,2,21:10.7,(PURPLE-AREA QUESTION1),1,1,CORRECT,(PURPLE-AREA QUESTION1),,,,,,,Geometry,,compose-by-multiplication,,Single-KC,,KC88,,compose-by-multiplication,,compose-by-multiplication,,compose-by-multiplication,,compose-by-multiplication,,compose-by-multiplication,,compose-by-multiplication,,compose-by-multiplication,,compose-by-multiplication,,compose-by-multiplication,,compose-by-multiplication,,,,m,0,no-f,0,0,0,0,0,0,0,alone,area-combination,0,0,0,0,initial,additional,0,Yes,
6660,6661,All Data,fe876c802134f7bdddc34fc668db6b32,Stu_f11773c1237a0acdf4170202bf5b5c32,GEO-408d5ed7:10e14be5d3a:-70c9,1/31/96 19:24,US/Eastern,11.88284045,ATTEMPT,,RESULT,,Area,DESIGNING_A_QUILT,2,21:10.7,(AREA QUESTION2),1,1,CORRECT,(AREA QUESTION2),,,,,,,Geometry,,triangle-area,,Single-KC,,KC40,,triangle-area,,triangle-area,,triangle-area,,triangle-area,,triangle-area,,triangle-area,,triangle-area,,area,,triangle-area,,triangle-area,,,,0,0,f,0,triangle,quad,0,0,0,0,alone,area,triangle,0,0,0,initial,additional,0,Yes,
6661,6662,All Data,815c16884e541937b08da361970e4fe7,Stu_f11773c1237a0acdf4170202bf5b5c32,GEO-408d5ed7:10e14be5d3a:-70c9,1/31/96 19:24,US/Eastern,12.50356516,ATTEMPT,,RESULT,,Area,DESIGNING_A_QUILT,2,21:10.7,(WHITE-AREA QUESTION2),1,1,CORRECT,(WHITE-AREA QUESTION2),,,,,,,Geometry,,compose-by-multiplication,,Single-KC,,KC105,,compose-by-multiplication,,compose-by-multiplication,,compose-by-multiplication,,compose-by-multiplication,,compose-by-multiplication,,compose-by-multiplication,,compose-by-multiplication,,compose-by-multiplication,,compose-by-multiplication,,compose-by-multiplication,,,,m,0,no-f,0,0,0,0,0,0,0,alone,area-combination,0,0,0,0,initial,additional,0,Yes,
6662,6663,All Data,f29544ff08944389300d0698c6a30404,Stu_f11773c1237a0acdf4170202bf5b5c32,GEO-408d5ed7:10e14be5d3a:-70c9,1/31/96 19:24,US/Eastern,14.07572355,ATTEMPT,,RESULT,,Area,DESIGNING_A_QUILT,2,21:10.7,(GREEN-AREA QUESTION2),1,1,CORRECT,(GREEN-AREA QUESTION2),,,,,,,Geometry,,compose-by-multiplication,,Single-KC,,KC56,,compose-by-multiplication,,compose-by-multiplication,,compose-by-multiplication,,compose-by-multiplication,,compose-by-multiplication,,compose-by-multiplication,,compose-by-multiplication,,compose-by-multiplication,,compose-by-multiplication,,compose-by-multiplication,,,,m,0,no-f,0,0,0,0,0,0,0,alone,area-combination,0,0,0,0,initial,additional,0,Yes,
6663,6664,All Data,cb2f519516174a487f081713b9aba30c,Stu_f11773c1237a0acdf4170202bf5b5c32,GEO-408d5ed7:10e14be5d3a:-70c9,1/31/96 19:24,US/Eastern,9.632342055,ATTEMPT,,RESULT,,Area,DESIGNING_A_QUILT,2,21:10.7,(PURPLE-AREA QUESTION2),1,1,CORRECT,(PURPLE-AREA QUESTION2),,,,,,,Geometry,,compose-by-multiplication,,Single-KC,,KC6,,compose-by-multiplication,,compose-by-multiplication,,compose-by-multiplication,,compose-by-multiplication,,compose-by-multiplication,,compose-by-multiplication,,compose-by-multiplication,,compose-by-multiplication,,compose-by-multiplication,,compose-by-multiplication,,,,m,0,no-f,0,0,0,0,0,0,0,alone,area-combination,0,0,0,0,initial,additional,0,Yes,
6664,6665,All Data,f511fca45fd8317bc9bcd8f4f57a5ec6,Stu_f11773c1237a0acdf4170202bf5b5c32,GEO-408d5ed7:10e14be5d3a:-70c9,1/31/96 19:25,US/Eastern,11.80260343,ATTEMPT,,RESULT,,Area,DESIGNING_A_QUILT,2,21:10.7,(AREA QUESTION3),1,1,CORRECT,(AREA QUESTION3),,,,,,,Geometry,,triangle-area,,Single-KC,,KC115,,triangle-area,,triangle-area,,triangle-area,,triangle-area,,triangle-area,,triangle-area,,triangle-area,,area,,triangle-area,,triangle-area,,,,0,0,f,0,triangle,quad,0,0,0,0,alone,area,triangle,0,0,0,initial,additional,0,Yes,
6665,6666,All Data,ef545581bd7edae9ddbbd7fd4203a3fc,Stu_f11773c1237a0acdf4170202bf5b5c32,GEO-408d5ed7:10e14be5d3a:-70c9,1/31/96 19:25,US/Eastern,13.72371995,ATTEMPT,,RESULT,,Area,DESIGNING_A_QUILT,2,21:10.7,(WHITE-AREA QUESTION3),1,1,CORRECT,(WHITE-AREA QUESTION3),,,,,,,Geometry,,compose-by-multiplication,,Single-KC,,KC109,,compose-by-multiplication,,compose-by-multiplication,,compose-by-multiplication,,compose-by-multiplication,,compose-by-multiplication,,compose-by-multiplication,,compose-by-multiplication,,compose-by-multiplication,,compose-by-multiplication,,compose-by-multiplication,,,,m,0,no-f,0,0,0,0,0,0,0,alone,area-combination,0,0,0,0,initial,additional,0,Yes,
6666,6667,All Data,0e388135ceb4241c4b42b1f2e8c0d053,Stu_f11773c1237a0acdf4170202bf5b5c32,GEO-408d5ed7:10e14be5d3a:-70c9,1/31/96 19:25,US/Eastern,14.02826862,ATTEMPT,,RESULT,,Area,DESIGNING_A_QUILT,2,21:10.7,(GREEN-AREA QUESTION3),1,1,CORRECT,(GREEN-AREA QUESTION3),,,,,,,Geometry,,compose-by-multiplication,,Single-KC,,KC121,,compose-by-multiplication,,compose-by-multiplication,,compose-by-multiplication,,compose-by-multiplication,,compose-by-multiplication,,compose-by-multiplication,,compose-by-multiplication,,compose-by-multiplication,,compose-by-multiplication,,compose-by-multiplication,,,,m,0,no-f,0,0,0,0,0,0,0,alone,area-combination,0,0,0,0,initial,additional,0,Yes,
6667,6668,All Data,e8556ec49a3af41208423f45d806535d,Stu_f11773c1237a0acdf4170202bf5b5c32,GEO-408d5ed7:10e14be5d3a:-70c9,1/31/96 19:25,US/Eastern,12.15868249,ATTEMPT,,RESULT,,Area,DESIGNING_A_QUILT,2,21:10.7,(PURPLE-AREA QUESTION3),1,1,CORRECT,(PURPLE-AREA QUESTION3),,,,,,,Geometry,,compose-by-multiplication,,Single-KC,,KC99,,compose-by-multiplication,,compose-by-multiplication,,compose-by-multiplication,,compose-by-multiplication,,compose-by-multiplication,,compose-by-multiplication,,compose-by-multiplication,,compose-by-multiplication,,compose-by-multiplication,,compose-by-multiplication,,,,m,0,no-f,0,0,0,0,0,0,0,alone,area-combination,0,0,0,0,initial,additional,0,Yes,